Module ID,Module Name,Question ID,Type,Question Prompt,Options,Correct Answer,Hint,Cognitive Paradigm / Story
gs,Processing Speed (Gs),gs-1,choice,Select the string that appears twice in the row below (Symbol Matching).,◆■ | ★✚ | ▲★ | ♥⬢ | ■★ | ★✚,★✚,Look for exact duplicate symbol pairs,Perceptual Speed & Visual Scan
gs,Processing Speed (Gs),gs-2,choice,Select the string that appears twice in the row below (Symbol Matching).,◆▲ | ●■ | ✚⬢ | ★✚ | ●■ | ⧓■,●■,Scan left-to-right methodically,Perceptual Speed & Visual Scan
gs,Processing Speed (Gs),gs-3,choice,Select the string that appears twice in the row below (Symbol Matching).,♥♥ | ★✚ | ⧓■ | ✚● | ◆■ | ♥♥,♥♥,Identify repeating twin glyphs,Perceptual Speed & Visual Scan
gs,Processing Speed (Gs),gs-4,choice,Select the string that appears twice in the row below (Symbol Matching).,■♥ | ■♥ | ♥✚ | ♥✖ | ★⬢ | ♥▲,■♥,Check adjacent positions first,Perceptual Speed & Visual Scan
gs,Processing Speed (Gs),gs-5,choice,Select the string that appears twice in the row below (Symbol Matching).,⧓▲ | ✚▲ | ★♥ | ✖⧓ | ★♥ | ✖■,★♥,Detect duplicate pattern,Perceptual Speed & Visual Scan
gs,Processing Speed (Gs),gs-6,choice,Select the string that appears twice in the row below (Alphanumeric Comparison).,XKG | N8E | NCU | N8E | 2B5 | MHQ,N8E,Scan alphanumeric triples,Perceptual Speed & Visual Scan
gf,Fluid Intelligence (Gf),gf-1,choice,Identify the missing abstract shape that completes the 3x3 matrix pattern.,Option A | Option B | Option C | Option D,Option B,Look at clockwise rotational progression,Inductive & Deductive Rule Discovery
gf,Fluid Intelligence (Gf),gf-2,choice,Determine which shape logically follows in the sequence of line intersections.,Option A | Option B | Option C | Option D,Option C,Count number of intersections adding up,Inductive & Deductive Rule Discovery
gf,Fluid Intelligence (Gf),gf-3,choice,Deduce the missing transformation element across horizontal rows.,Option A | Option B | Option C | Option D,Option A,"Color alternation rule: shaded, striped, hollow",Inductive & Deductive Rule Discovery
gq,Quantitative Ability (Gq),gq-1,choice,A train traveling at 72 km/h crosses a 200m platform in 25 seconds. Find length of train.,250m | 300m | 350m | 400m,300m,Convert speed: 72 * 5/18 = 20 m/s; Distance = 20 * 25 = 500m,Adaptive Quantitative Decision Arena
gq,Quantitative Ability (Gq),gq-2,choice,"If 12 machines can assemble 360 units in 6 hours, how many units can 18 machines assemble in 5 hours?",420 | 450 | 480 | 540,450,Rate per machine = 360 / (12*6) = 5 units/hr,Adaptive Quantitative Decision Arena
gq,Quantitative Ability (Gq),gq-3,choice,"The ratio of investments of A and B is 3:5. If total profit is $48,000, find share of B.","$24,000 | $28,000 | $30,000 | $32,000","$30,000","Share of B = (5/8) * 48,000",Adaptive Quantitative Decision Arena
gv,Visual Processing (Gv),gv-1,choice,Which 3D cube matches the unfolded net pattern shown?,Cube A | Cube B | Cube C | Cube D,Cube B,Track opposite faces on the 2D layout,Mental Rotation & Spatial Manipulation
gv,Visual Processing (Gv),gv-2,map_placement,Mystery Map Builder: Reconstruct the target layout from rotated polygon pieces.,"Piece 1, Piece 2, Piece 3, Piece 4",Target Configuration,Rotate piece by 90 deg clockwise to align,Spatial Relationship Synthesis
gv,Visual Processing (Gv),gv-3,choice,Determine which folded paper with hole punch matches the unfolded sheet.,Sheet A | Sheet B | Sheet C | Sheet D,Sheet C,Mirror punches across fold axes,Paper Folding & Spatial Reasoning
gsm,Working Memory (Gsm),gsm-1,sequence,Dual-Task Sequence Recall: Recall the auditory digit span while tracking grid highlights.,Sequence Input,8-3-9-2-7,Rehearse phonological loop while shifting focus,Classroom Scenario Recall
gsm,Working Memory (Gsm),gsm-2,sequence,Reverse Digit Retention: Enter the heard sequence in reverse order.,Sequence Input,4-1-6-9-5,Reverse ordering requires active executive updating,Classroom Scenario Recall
attention,Attention & Inhibitory Control (ASAT),attn-1,choice,Adaptive Shape Attention Task: Select the stimulus that matches color disregarding conflicting word name.,Red | Blue | Green | Yellow,Blue,Inhibit reading reflex (Stroop inhibition),Selective Focus & Distractor Rejection
attention,Attention & Inhibitory Control (ASAT),attn-2,choice,Rapid Flanker Paradigm: Identify center arrow direction amidst conflicting flankers (<<><<).,Left | Right,Right,Focus solely on center target chevron,Selective Focus & Distractor Rejection
riasec,Career Interest (RIASEC),riasec-1,likert,Simulation: Investigating complex algorithms or scientific datasets excites me.,Strongly Disagree | Disagree | Neutral | Agree | Strongly Agree,Strongly Agree,Holland Model: Investigative (I),Day-in-the-Life Project Simulation
riasec,Career Interest (RIASEC),riasec-2,likert,Simulation: Leading project teams and pitching strategic initiatives energizes me.,Strongly Disagree | Disagree | Neutral | Agree | Strongly Agree,Strongly Agree,Holland Model: Enterprising (E),Day-in-the-Life Project Simulation
emotional_regulation,Emotional Regulation,crisis-1,choice,Crisis Dispatcher: Multiple priority emergencies arrive simultaneously. Dispatch sequence priority?,Hospital Ambulances First | Fire Brigade First | Coordinated Multi-Agency,Coordinated Multi-Agency,Assess resource triage under acute time constraints,Crisis Dispatcher Simulation
auditory_verbal,Auditory & Verbal Assessment,av-1,choice,Auditory Scenario Comprehension: Identify the core clinical recommendation in the audio briefing.,Option A | Option B | Option C | Option D,Option A,Listen for key synthesis keywords in second paragraph,Dual-Domain Scenario Simulation
